epoch,loss,val_loss
0,0.078704156056,0.0258252366073
1,0.071091344667,0.0238759377226
2,0.0691746526832,0.0230375494249
